City,Year,PM2.5 (µg/m³),PM10 (µg/m³),NO (µg/m³),NO2 (µg/m³),NOx (ppb),NH3 (µg/m³),SO2 (µg/m³),CO (mg/m³),Ozone (µg/m³),Benzene (µg/m³),Toluene (µg/m³),Xylene (µg/m³),O Xylene (µg/m³),Eth-Benzene (µg/m³),MP-Xylene (µg/m³),AT (°C),RH (%),WS (m/s),WD (deg),RF (mm),TOT-RF (mm),SR (W/mt2),BP (mmHg),VWS (m/s),EV,GreenCover,PopulationDensity
Bengaluru,2017,,85.85596638655463,21.210304878048778,54.91118902439024,47.03989473684211,,8.00854938271605,1.1320718232044198,,,,,,,,,,,,,,,,,36,284.28,240.7
Bengaluru,2018,,122.99345454545455,18.39971659919028,36.214839999999995,51.99943113772456,,7.974086956521739,1.440883190883191,,,,,,,,,,,,,,,,,168,284.28,240.7
Bengaluru,2019,,125.56066445182725,15.75801261829653,44.7507570977918,60.14195583596214,,8.268710691823898,1.5136990595611286,,,,,,,,,,,,,,,,,451,284.28,240.7
Bengaluru,2020,,90.23457516339869,7.119457627118643,30.819120521172636,35.97843648208469,,8.582792452830189,1.1502090592334495,,,,,,,,,,,,,,,,,1022,284.28,240.7
Bengaluru,2021,,69.26085987261146,14.605,27.4092523364486,30.17243827160494,,8.645109717868339,1.4981533101045297,,,,,,,,,,,,,,,,,2561,284.28,240.7
Bengaluru,2022,,75.5610447761194,13.181364985163205,22.889762611275966,36.24658753709199,,17.86780415430267,1.8668842729970325,,,,,,,,,,,,,,,,,9770,284.28,240.7
Bengaluru,2023,,79.59317191023847,9.192610215490278,28.59850749550403,30.74444626598291,,17.163366335608895,1.1119419686880072,,,,,,,,,,,,,,,,,19495,284.28,240.7
Bengaluru,2024,,82.37312252964428,5.15,23.017538461538464,28.587692307692308,,12.50859375,1.3552325581395348,,,,,,,,,,,,,,,,,25356,284.28,240.7
Bengaluru,2025,,93.84604294478528,8.856411042944785,32.85021472392638,41.9030981595092,,9.162147239263804,1.2966257668711656,,,,,,,,,,,,,,,,,30072,284.28,240.7
Bhopal,2017,,,,,,,,,,,,,,,,,,,,,0.0,,,,212,336.35,226.98
Bhopal,2018,,,,,,,,,,,,,,,,,,,,,0.0,,,,597,336.35,226.98
Bhopal,2019,,,,,,,,,,,,,,,,,,,,,0.0,,,,1031,336.35,226.98
Bhopal,2020,,,,,,,,,,,,,,,,,,,,,0.0,,,,2067,336.35,226.98
Bhopal,2021,,,,,,,,,,,,,,,,,,,,,0.0,,,,4562,336.35,226.98
Bhopal,2022,83.50718446601941,165.4175,15.115865384615384,29.826057692307693,28.150192307692308,18.65721153846154,6.5575,1.2351923076923077,28.533076923076923,1.8590697674418604,114.95558139534884,2.363604651162791,,1.7218604651162792,4.408953488372093,25.302692307692308,55.38451923076923,0.4642307692307692,172.82221153846152,0.027403846153846154,0.7479452054794521,65.66163461538461,,,10864,336.35,226.98
Bhopal,2023,50.94657654582304,117.71456672124157,8.282289666523706,25.937858250224235,20.50449383052696,15.801402590694101,15.840347923659765,0.9429503551130446,39.317786135744406,0.52099611690519,5.115949826960645,0.3960932909191113,,0.6375019623155327,0.9534500920649092,25.706772242295152,56.880555210759546,0.7636384119422605,165.8821422189508,0.024068935572942565,0.020693493150684923,80.59392167831628,,,20433,336.35,226.98
Bhopal,2024,48.98419178082192,110.31123287671232,8.235260273972603,27.388849315068494,21.217260273972602,25.105289256198347,9.39517808219178,0.6392876712328768,37.08010958904109,0.7067123287671233,3.054109589041096,0.5543287671232877,,0.48263013698630136,1.1967671232876713,25.102191780821915,57.29994520547945,0.7772802197802198,206.0785164835165,0.04246575342465753,0.03950819672131148,74.06216438356164,,,26997,336.35,226.98
Bhopal,2025,42.93148351648352,105.09546703296704,9.755302197802198,26.19936813186813,21.818379120879122,17.06864640883978,8.9100826446281,0.48640109890109895,39.41835164835165,1.2054469273743018,4.428403361344538,0.672016806722689,,0.6657434402332362,1.5127507163323783,24.526923076923076,55.128351648351654,0.7434065934065934,216.05524725274725,0.019807692307692307,1.7495890410958905,56.24098901098901,,,28673,336.35,226.98
Bhubaneswar,2023,98.27457735076457,188.6080216802705,7.075469284788339,33.571853843843286,23.95079404291361,16.435970554534915,12.933243955454996,1.3861046878104055,72.31822571706992,3.045125847055994,12.536720849956144,,,1.7655589329595376,2.9899532350819116,26.069845322388215,67.0035386839921,0.8622677884932788,144.15907964131003,0.0018045033670033668,0.0002597031963470318,124.50467933494573,,,15466,530.4,115.4
Bhubaneswar,2024,49.58479108635097,98.08362116991643,3.222777777777778,13.217694444444444,9.549694444444444,11.921392757660167,10.505877437325905,1.306100278551532,42.1008913649025,1.3535,12.322166666666666,,,0.7166388888888889,1.4513055555555556,29.94038888888889,73.44235955056179,1.2277437325905292,162.17757660167132,0.03208333333333334,0.030928961748633882,114.04736111111112,,,19493,530.4,115.4
Bhubaneswar,2025,48.531041095890416,90.65805479452055,5.2624657534246575,18.103342465753425,13.92572602739726,16.86172602739726,7.994767123287672,1.1082465753424657,41.13468493150685,1.3045753424657536,3.7329863013698628,,,0.5796712328767124,1.2258630136986302,29.902575342465756,81.54534246575342,0.912082191780822,168.60849315068492,0.022904109589041096,2.0216438356164383,90.2637808219178,,,20266,530.4,115.4
Chandigarh,2017,,,,,,,,,,,,,,,,,,,,,0.0,,,,76,25.0,87.9
Chandigarh,2018,,,,,,,,,,,,,,,,,,,,,0.0,,,,274,25.0,87.9
Chandigarh,2019,,,,,,,,,,,,,,,,,,,,,0.0,,,,806,25.0,87.9
Chandigarh,2020,,,,,,,,,,,,,,,,,,,,,0.0,,,,1213,25.0,87.9
Chandigarh,2021,58.28858108108108,103.34364864864865,16.71689189189189,50.89662162162162,40.58837837837838,16.939797297297297,8.192635135135134,0.9502702702702702,55.14141891891892,1.2495205479452056,8.266643835616438,2.6223287671232876,,2.121986301369863,4.29013698630137,24.9922972972973,66.37527027027028,0.5041891891891892,188.33804054054053,0.006824324324324324,0.2632876712328767,50.58702702702703,,,2188,25.0,87.9
Chandigarh,2022,57.109116809116806,112.7336752136752,9.666182336182336,39.85977207977208,28.845726495726495,20.954843304843305,11.536666666666667,1.0759654178674352,68.38099715099715,2.1595142857142857,8.161914285714285,6.171514285714286,,3.2326857142857146,4.864457142857143,27.391538461538463,55.712385620915036,0.6089714285714285,194.79274285714288,0.02245014245014245,2.0493150684931507,51.91333333333334,,,6086,25.0,87.9
Chandigarh,2023,51.846418657345,122.29304001844746,11.175930075609486,35.93338488387427,28.17714620895568,23.801171354940276,11.346168601329138,1.1068204286507557,60.29549441247567,2.5672064435342223,12.751475945002491,8.054884547577094,,5.7407530039653825,7.068550891566564,28.286976392470308,61.51944254358109,0.5078502431910965,192.6808128064368,0.08637880380884808,0.10717465753424657,56.51179925906186,,,12615,25.0,87.9
Chandigarh,2024,67.77437158469945,134.61666666666665,12.091972602739725,34.93265753424657,28.334082191780823,36.074419889502764,10.8201912568306,0.9807650273224043,55.81803278688525,2.2162241887905605,11.488761061946903,3.5557817109144545,,3.7460176991150447,4.5886135693215335,26.699016393442623,59.39416901408451,0.48032876712328765,216.44972602739725,0.04248633879781421,0.039071038251366125,82.65815642458101,,,16847,25.0,87.9
Chandigarh,2025,49.73479452054795,82.69843835616439,15.919556786703602,32.34687845303867,30.072265193370164,70.1762258953168,10.26717808219178,1.1681917808219178,48.84893150684932,1.1390358126721765,6.177107438016529,1.1597520661157026,,1.4165840220385675,1.442396694214876,23.166109589041092,70.7930410958904,0.4319178082191781,212.3768493150685,0.023534246575342466,2.241095890410959,52.203616438356164,,,18387,25.0,87.9
Coimbatore,2017,,,,,,,,,,,,,,,,,,,,,0.0,,,,3,1953.18,132.38
Coimbatore,2018,,,,,,,,,,,,,,,,,,,,,0.0,,,,21,1953.18,132.38
Coimbatore,2019,29.190804020100504,38.61611940298508,10.975517241379311,15.02233502538071,22.49975369458128,11.486827956989249,9.555221674876847,1.215024630541872,25.979901477832513,0.01497536945812808,0.06536945812807882,,,,0.059,25.693383084577114,73.6355223880597,11.21004975124378,147.0054726368159,0.43502463054187196,20.51290410958904,198.91820895522386,,,59,1953.18,132.38
Coimbatore,2020,28.217313019390584,37.22720221606648,1.3135813953488373,32.36044444444445,31.23130813953488,6.8359756097560975,7.895911602209945,0.6204857142857142,21.464889502762432,0.001160220994475138,0.006160220994475138,,,0.01,0.01723404255319149,26.632292817679556,72.60182320441989,9.17889502762431,182.79698895027622,0.0,0.0,216.07983425414363,,,172,1953.18,132.38
Coimbatore,2021,39.32892561983471,51.342800000000004,0.18770491803278688,28.54806451612903,28.08241935483871,5.954107142857143,14.73688,0.93232,10.17672,0.0,0.0,,,,,25.37341463414634,68.59952,4.947439999999999,140.3992,0.0,0.0,183.16192,,,796,1953.18,132.38
Coimbatore,2022,29.724358208955223,51.52608955223881,4.020816326530612,15.89489552238806,15.236041666666669,3.0754828660436138,18.040059701492538,0.6876417910447762,8.936716417910448,0.0,0.005029761904761905,,,,0.01888888888888889,25.69749244712991,73.64598187311178,11.211292307692307,120.20939577039275,0.32511904761904764,28.288000000000004,200.2101246105919,,,2712,1953.18,132.38
Coimbatore,2023,44.53810135965897,162.59411147858705,3.1581390648515644,11.908519457628552,13.621190101953209,7.229831130402263,13.906253784728804,0.9594369345852377,19.396873398963535,0.007289917407154242,0.04397845105326817,,,0.035805555555555535,0.08007154230558446,27.002069979327057,66.0132340012921,7.636792875388562,144.44709884638573,0.010821134868421052,0.005436643835616438,216.90797390883196,,,5471,1953.18,132.38
Coimbatore,2024,32.163969465648854,70.97146153846154,4.592045454545454,16.60068181818182,20.230375939849623,4.047878787878788,12.862348484848484,0.5173684210526316,23.871374045801527,0.014511278195488721,0.03082706766917293,,,0.9700000000000001,,26.358195488721805,77.42157894736842,4.624375,139.36909774436091,0.0,0.0,176.18225563909775,,,7162,1953.18,132.38
Coimbatore,2025,29.417582417582416,58.86906593406594,3.3493424657534248,10.359205479452054,13.42049315068493,3.4495342465753422,16.41627397260274,0.6388493150684932,18.30313888888889,0.38175342465753426,0.3978356164383562,,,1.3857,,25.971695652173914,67.32027397260275,5.326887159533074,126.6037808219178,0.008794520547945207,0.8504109589041096,191.0175486381323,,,8185,1953.18,132.38
Cuttack,2023,93.60101731728221,171.5915419978183,3.4254715900236588,28.00978368006857,17.66456870283176,15.397837920757363,10.926099812996727,1.1171706453560852,37.6675167523765,3.7845990143369175,8.139642697132617,,,1.5033221326164876,1.3248106768951788,23.987968135223813,80.8731960950764,1.2657620024523675,139.73729602905112,0.010534274193548384,0.0017893835616438348,53.49707248632333,,,12941,,
Cuttack,2024,44.58786885245902,93.93631147540984,1.771534090909091,17.496960227272726,10.342142857142857,9.3084375,6.59551912568306,0.7179234972677595,44.95476454293629,1.5948633879781422,2.9341803278688525,,,0.5391256830601092,0.5864179104477611,29.538442622950818,77.02002732240437,1.6828142076502732,198.05005464480877,0.03355191256830601,0.03306010928961749,46.69726775956284,,,16873,,
Cuttack,2025,46.94870523415978,99.7516253443526,2.896391184573003,21.7035261707989,13.807217630853996,10.465289256198348,6.363498622589531,1.0893939393939394,43.98669421487603,2.652617079889807,2.254435261707989,,,0.4574104683195592,0.3934159779614325,27.692093663911844,67.78151515151515,1.494435261707989,196.743305785124,0.040633608815427,3.8498630136986303,38.286914600550965,,,17552,,
Guwahati,2017,,,,,,,,,,,,,,,,,,,,,0.0,,,,54,29.41,230.81
Guwahati,2018,,,,,,,,,,,,,,,,,,,,,0.0,,,,262,29.41,230.81
Guwahati,2019,,,,,,,,,,,,,,,,,,,,,0.0,,,,630,29.41,230.81
Guwahati,2020,,,,,,,,,,,,,,,,,,,,,0.0,,,,985,29.41,230.81
Guwahati,2021,,,,,,,,,,,,,,,,,,,,,0.0,,,,1677,29.41,230.81
Guwahati,2022,95.94384615384615,182.69846153846154,8.138461538461538,30.317692307692308,22.743846153846157,13.070833333333333,10.184615384615386,2.2484615384615383,37.37307692307692,1.5546153846153847,,,,,,13.96923076923077,31.303846153846152,1.22,153.16153846153844,0.0,0.0,62.519999999999996,,,3033,29.41,230.81
Guwahati,2023,56.25002002321157,172.42667730908514,5.288647552465831,14.143299086344122,11.804270721771402,8.266483069304474,8.825176650597076,1.2971553321517493,43.98932141655976,0.45933586548416505,2.3954720592976866,,,0.4731834592988568,0.2771775882446712,24.83172461834876,78.14312851751112,2.023730294944945,142.9877295946519,0.03802157050645734,0.03660958904109588,97.64203524138652,,,4854,29.41,230.81
Guwahati,2024,68.98183561643836,125.00139726027398,10.566876712328767,20.470410958904107,17.53345205479452,12.299150684931506,9.213342465753424,0.8625360230547551,22.297479452054795,0.21930232558139534,1.111482558139535,,,3.453918367346939,5.954781341107871,24.87918079096045,80.77912429378532,2.1326589595375722,184.3471676300578,0.05421917808219178,0.052978142076502734,33.283529411764704,,,6779,29.41,230.81
Guwahati,2025,51.28567493112948,91.60611570247933,31.283543956043953,14.540164835164834,28.19914835164835,38.07997252747253,9.156043956043957,0.6923901098901099,15.335879120879122,1.0264553314121037,1.0153314121037464,,,1.5431700288184438,3.635043227665706,25.365555555555556,83.19804093567251,2.2486813186813186,194.35472527472527,0.01934065934065934,1.6273972602739726,22.15804945054945,,,8183,29.41,230.81
Gwalior,2017,,,,,,,,,,,,,,,,,,,,,0.0,,,,517,1226.86,313.88
Gwalior,2018,,,,,,,,,,,,,,,,,,,,,0.0,,,,1189,1226.86,313.88
Gwalior,2019,,,,,,,,,,,,,,,,,,,,,0.0,,,,1846,1226.86,313.88
Gwalior,2020,58.88101449275363,116.89544927536232,8.739823008849559,24.321592920353982,20.011710914454277,19.40259587020649,21.720434782608695,0.7554941860465116,57.52507246376812,,,,,,,25.640869565217393,63.25139130434783,0.7484637681159421,194.0066666666667,0.026318840579710144,2.3827868852459018,286.74428985507245,735.9615072463769,,2211,1226.86,313.88
Gwalior,2021,61.50695054945054,123.24573407202216,10.497397260273972,28.191260273972603,23.51145205479452,19.61427397260274,19.429479452054796,0.8004109589041095,47.32594520547946,,,,,,,24.990771349862257,64.22608219178082,0.7695342465753424,194.6473698630137,0.06876712328767123,6.5208219178082185,255.57219178082192,736.4992602739726,,3436,1226.86,313.88
Gwalior,2022,63.10606741573033,129.77143258426966,11.600505617977527,28.682331460674156,24.55292134831461,18.173426966292133,21.198904494382024,0.8044662921348315,43.280337078651684,,,,,,,24.60064606741573,64.9441011235955,0.7879775280898876,199.79033707865167,0.031376404494382025,2.5123287671232877,262.2483426966292,736.2263202247191,,8897,1226.86,313.88
Gwalior,2023,62.441493917559455,112.26771571498341,5.354886213383886,20.413326285764306,15.468030663895863,16.411033174697682,22.539321837398937,0.8998546616317902,44.30691961234967,,,,,,,24.151949571776463,67.42999065273018,0.7372760994246812,200.09621300352782,0.011140046296296292,0.010910388127853879,258.7033757590278,737.4408930576162,,17331,1226.86,313.88
Gwalior,2024,53.47420765027323,113.53704918032786,3.3334426229508196,22.881830601092897,14.26825136612022,19.850765027322403,21.300956284153006,1.0093442622950821,40.787978142076504,,,,,,,26.503087431693988,67.77535519125682,0.5990710382513661,196.52275956284154,0.009918032786885246,0.009890710382513662,252.51871584699455,735.9510655737705,,21469,1226.86,313.88
Gwalior,2025,45.581978021978024,95.41128767123288,2.3976164383561644,16.48013698630137,9.819534246575342,9.18095890410959,15.742246575342467,0.9377260273972602,45.04441095890411,,,,,,,25.98665753424657,70.70479452054795,0.5038904109589041,191.94268493150685,0.024493150684931506,2.3394520547945206,251.08446575342467,736.7950958904111,,23581,1226.86,313.88
Indore,2017,,,,,,,,,,,,,,,,,,,,,0.0,,,,329,661.52,399.67
Indore,2018,,,,,,,,,,,,,,,,,,,,,0.0,,,,877,661.52,399.67
Indore,2019,59.28179245283019,127.02915094339623,32.505384615384614,55.86394230769231,56.23596153846154,23.488269230769234,8.056037735849056,1.1903773584905661,34.64801886792453,,,,,,,24.243490566037735,67.53,1.1242452830188678,134.89037735849055,0.03009433962264151,0.8380821917808219,210.60801886792453,702.7954901960784,,1578,661.52,399.67
Indore,2020,39.5389010989011,99.5318956043956,14.764490358126722,45.950303030303026,37.51796143250689,16.903085399449036,9.973296703296702,0.7635439560439561,48.791181318681325,,,,,,,27.0264010989011,56.871263736263735,1.3526373626373627,186.55156593406593,0.03637362637362637,3.4379781420765028,214.3673901098901,702.5012775330397,,2353,661.52,399.67
Indore,2021,48.29119777158775,118.29547222222223,16.54717808219178,46.64167123287671,38.21824657534246,18.269945205479452,14.025890410958903,1.016,47.815989010989014,,,,,,,24.686115702479338,55.92413698630137,1.3903287671232878,187.5926575342466,0.03495890410958904,3.34958904109589,219.43090410958905,702.7107207207207,,5064,661.52,399.67
Indore,2022,42.7985,121.50291208791208,17.460630136986303,60.794657534246575,46.36317808219179,22.625506849315066,15.17446575342466,1.0353731343283583,44.66304945054945,,,,,,,25.882,55.22476712328768,1.2771232876712328,196.4693424657534,0.0423013698630137,4.0638356164383564,221.79186301369862,702.3989175257733,,14821,661.52,399.67
Indore,2023,43.6416584933201,110.4255683250862,19.752149113401778,50.84047310093171,43.07635433519071,17.875051371759763,14.713771417109742,1.4667292250780422,42.04309215880962,,,,,,,25.634035944571124,60.19782823177817,1.1222238551627683,197.30454314024422,0.04097981903346653,0.038784246575342456,217.761009835342,703.0418735905441,,30582,661.52,399.67
Indore,2024,51.762950819672135,114.88748633879781,12.549863387978142,61.995382513661205,43.189918032786885,17.595546448087433,13.079699453551912,1.508224043715847,46.70549180327868,,,,,,,25.775437158469945,61.66131147540984,0.8129508196721312,192.45513661202187,0.03240437158469945,0.03240437158469945,221.54551912568306,702.6754310344828,,39235,661.52,399.67
Indore,2025,49.536291208791205,117.58453296703296,20.66304945054945,68.62186813186814,53.443461538461534,23.697307692307692,11.308983516483517,1.1701923076923078,38.315796703296705,,,,,,,25.338076923076922,62.354532967032966,0.8687362637362638,194.09112637362637,0.035412087912087914,3.294246575342466,218.7842307692308,702.4158149779735,,42868,661.52,399.67
Jaipur,2017,71.98102040816327,180.62653061224492,16.566530612244897,25.281020408163265,32.59131578947368,29.256530612244898,8.57,1.1842857142857144,56.660000000000004,6.68,10.34057142857143,,,3.0575555555555556,8.868444444444444,24.6725,23.63608695652174,0.630759493670886,145.08746835443037,0.0,0.0,283.7948936170213,750.898085106383,,45,564.58,700.13
Jaipur,2018,50.347095890410955,148.03498630136986,15.31021978021978,32.082609890109886,46.99887362637363,18.232115384615383,9.233479452054794,0.9229315068493151,48.25167123287672,1.3993150684931508,,,,0.43926027397260275,1.2818356164383562,,,1.059041095890411,170.48693150684932,0.4601960784313726,0.06591780821917809,,757.1231232876712,,578,564.58,700.13
Jaipur,2019,36.571479452054795,100.87482191780822,9.793205479452055,35.108602739726024,44.88835616438356,25.320684931506847,10.540767123287672,0.9629315068493152,51.452,1.5342739726027397,,,,0.40197802197802196,1.418931506849315,,,1.601456043956044,150.19557692307694,,0.0,,741.209532967033,,832,564.58,700.13
Jaipur,2020,37.80814207650273,87.96489071038252,9.223688524590164,33.02213114754098,42.1264480874317,43.9079781420765,10.662568306010929,0.872896174863388,50.67139344262295,2.3530601092896175,,,,0.8128895184135977,2.66724043715847,,,1.5368579234972677,153.0787431693989,,0.0,,730.085300546448,,1864,564.58,700.13
Jaipur,2021,55.79841095890411,106.05090410958904,9.24358904109589,35.42887671232877,44.54323287671233,40.64493150684931,12.555726027397261,0.9707123287671233,48.295095890410956,3.301534246575342,,,,1.071388888888889,2.1207714285714285,24.591351351351353,,1.5307671232876712,155.94569863013697,0.012027027027027027,0.4454794520547945,,729.7381643835616,,7626,564.58,700.13
Jaipur,2022,51.51613698630137,107.87838356164384,11.227205479452056,40.91098630136987,51.8671506849315,39.17487671232877,11.879835616438356,0.8274520547945206,43.89695890410959,3.116164383561644,,,,1.4915438596491226,4.904249291784702,26.42964383561644,,1.4472876712328766,161.64068493150685,0.02287671232876712,2.115068493150685,,728.6262191780822,,25613,564.58,700.13
Jaipur,2023,51.41398822575198,104.48458017054807,10.833685470432137,40.19038662150278,50.8404398391551,43.58507600437771,13.902004222664177,0.8627678716950586,49.791454715487646,2.8616090756319763,,,,1.2672049935203105,7.960966430332193,25.688009806380435,,1.2533762387758896,149.95870378703003,0.02288682467687827,0.022111872146118716,,729.0306840728247,,44716,564.58,700.13
Jaipur,2024,48.89625683060109,98.16696721311476,11.153551912568306,37.972896174863386,49.070874316939886,28.204945355191256,12.732131147540983,0.8200273224043716,40.167868852459016,4.024562841530055,,,,1.795327380952381,5.110030769230769,26.11853591160221,,1.3737292817679558,141.02395027624308,0.033867403314917124,0.03300546448087432,,728.3568784530387,,53136,564.58,700.13
Jaipur,2025,50.272231404958674,96.01308539944904,18.43236914600551,36.95661157024794,55.251900826446274,41.71068870523416,16.80487603305785,1.0352617079889808,39.753774104683195,4.563140495867769,,,,3.093342541436464,4.939558011049724,25.765308988764048,,1.149494382022472,126.1913202247191,0.019241573033707868,1.7780821917808218,,727.6272752808989,,55259,564.58,700.13
Kochi,2017,,,,,,,,,,,,,,,,,,,,,0.0,,,,5,0.93,142.92
Kochi,2018,,,,,,,,,,,,,,,,,,,,,0.0,,,,40,0.93,142.92
Kochi,2019,,,,,,,,,,,,,,,,,,,,,0.0,,,,92,0.93,142.92
Kochi,2020,29.098205980066442,55.59784126984127,50.15603833865815,10.7826213592233,47.53546031746032,5.7456565656565655,12.922349206349207,1.4859365079365079,3.853428571428571,0.0,0.0017460317460317462,,,0.03333333333333333,0.014166666666666668,,75.0694055944056,0.7268881118881119,3.382902097902098,0.43153846153846154,30.898360655737704,289.7992675159236,,,172,0.93,142.92
Kochi,2021,30.19887671232877,53.950879120879115,37.196657534246576,10.632027397260273,40.21920547945206,6.51972602739726,8.195342465753425,0.907917808219178,6.40421052631579,0.0,0.0,,,,,,,,,,0.0,221.73724517906334,,,876,0.93,142.92
Kochi,2022,64.46863372093023,82.67311239193083,31.434610951008644,17.165533141210375,33.64146974063401,9.093246376811594,5.761788856304985,0.9842939481268012,3.7978840579710145,0.0,0.0,,,,,,,,,,0.0,247.4469740634006,,,3237,0.93,142.92
Kochi,2023,35.628492605566684,78.44907204661618,29.608686352468222,8.759114716382259,28.614868019515377,14.689060476189034,19.068755831706635,1.2266387947103625,1.7701124162954862,0.0,0.0,,,,,,,,,,0.0,252.52710824195194,,,6443,0.93,142.92
Kochi,2024,39.313750000000006,90.37232142857144,6.753,2.6582142857142856,0.20660714285714285,12.186071428571427,5.868181818181818,1.164642857142857,,0.0,0.0,,,,,,,,,,0.0,251.6625,,,8206,0.93,142.92
Kochi,2025,,,,,,,,,,,,,,,,,,,,,0.0,,,,8951,0.93,142.92
Kozhikode,2017,,,,,,,,,,,,,,,,,,,,,0.0,,,,3,1882.06,52.8
Kozhikode,2018,,,,,,,,,,,,,,,,,,,,,0.0,,,,13,1882.06,52.8
Kozhikode,2019,,,,,,,,,,,,,,,,,,,,,0.0,,,,67,1882.06,52.8
Kozhikode,2020,21.070762463343108,45.14313782991202,18.313274853801172,12.71406432748538,28.1906432748538,3.8754385964912283,2.97640350877193,0.5070760233918128,5.5691228070175445,,,,,,,,74.74956140350876,1.203859649122807,203.89377192982457,0.0,0.0,,,,174,1882.06,52.8
Kozhikode,2021,19.209226519337015,53.79983425414365,26.429447513812153,14.598784530386741,33.68596685082873,4.0617955801104975,4.159723756906077,0.7564088397790055,8.183480662983426,,,,,,,,75.90378453038673,1.0993370165745855,200.38527624309393,0.0,0.0,,,,713,1882.06,52.8
Kozhikode,2022,35.89177325581395,65.12367346938775,53.80345930232558,16.496627906976745,53.14261627906977,4.600988372093023,5.817122093023255,0.7045639534883721,10.13968023255814,,,,,,,,75.04927325581396,1.1649127906976744,187.9764534883721,0.0,0.0,,,,2954,1882.06,52.8
Kozhikode,2023,44.8546739227208,59.0,81.2226250663176,9.495460178179778,69.53233732430652,185.36878215168315,10.718011363128173,0.8433608062038992,7.579143057543707,,,,,,,,67.97755883805783,1.0916927759211172,195.15862160823366,0.0,0.0,,,,7394,1882.06,52.8
Kozhikode,2024,,,,,,,,,,,,,,,,,,,,,0.0,,,,9108,1882.06,52.8
Kozhikode,2025,,,,,,,,,,,,,,,,,,,,,0.0,,,,9836,1882.06,52.8
Ludhiana,2017,73.46121951219511,154.01582822085888,39.14007407407407,44.363440000000004,115.91380952380952,57.00021739130435,3.3854135338345865,0.6148701298701299,15.587006369426751,3.03062893081761,3.747388535031847,6.765454545454546,,,,,60.026526946107786,0.44358208955223877,187.73455696202532,,,157.6578947368421,,,0,47.57,109.48
Ludhiana,2018,51.491685082872934,113.86316804407714,14.555509554140128,17.70439093484419,27.62386292834891,18.768413597733712,9.527507788161994,0.6530538922155689,13.996141975308642,3.923827160493827,8.775123456790123,,,,,,70.87579439252337,0.4700623052959502,200.49859813084112,,,204.68604938271605,,,59,47.57,109.48
Ludhiana,2019,53.15835164835165,106.44641095890411,21.657506925207755,18.283573407202216,36.49936639118457,33.879063360881545,9.236094674556213,0.10390624999999999,21.145939226519335,2.510191780821918,3.4806301369863015,,,,,,69.9751506849315,0.4568767123287671,198.0261917808219,,,226.12558904109588,,,185,47.57,109.48
Ludhiana,2020,45.11013661202186,98.32045317220543,13.322202898550724,23.716782608695652,35.65576811594203,19.21913043478261,7.094972677595629,0.4139890710382514,30.488661202185792,1.508606557377049,6.857704918032787,,,,,,69.74448087431693,0.4568852459016393,204.87674863387977,,,220.0909836065574,,,287,47.57,109.48
Ludhiana,2021,54.27057534246575,117.1629589041096,20.542410958904107,29.73621917808219,49.77454794520548,24.17764383561644,9.97904109589041,0.7851506849315069,20.92827397260274,0.8716164383561643,5.261315068493151,,,,,,69.93498630136986,0.4265205479452055,200.23906849315068,,,211.0885205479452,,,1127,47.57,109.48
Ludhiana,2022,59.2654794520548,134.2169589041096,16.7210989010989,19.034532967032966,35.52321428571429,24.66752747252747,10.418438356164383,0.8273698630136986,30.44662087912088,1.2624109589041095,3.1463835616438356,,,,,,70.82342465753425,0.40616438356164386,200.09827397260273,,,179.66172602739726,,,4433,47.57,109.48
Ludhiana,2023,61.14259499073493,132.1128785547965,11.983398301460289,19.355330217778764,31.037555810888453,14.331830480858105,10.86055052586546,0.8327417775509198,30.71709854131244,1.0578084582015217,1.971310618415238,,,,,,74.62959263844688,0.4029201153946743,203.6548567000278,,,183.62977136029505,,,13721,47.57,109.48
Ludhiana,2024,60.46890710382513,118.02663934426229,14.387868852459016,19.27565573770492,32.28896174863388,22.266830601092895,10.272513661202185,1.1117213114754099,23.717759562841533,0.4429461756373938,1.1580169971671388,,,,,,70.6812568306011,0.4480327868852459,206.68314207650272,,,169.5274043715847,,,21769,47.57,109.48
Ludhiana,2025,52.46419178082192,103.91923287671231,10.139024390243902,15.945243902439024,25.566463414634143,15.945,13.757589041095892,1.0044345238095238,25.263205479452054,0.339972602739726,1.149780821917808,,,,,,73.0298904109589,0.40035616438356164,197.80076712328767,,,154.15649315068495,,,24412,47.57,109.48
Mysuru,2017,,,,,,,,,,,,,,,,,,,,,0.0,,,,2,1043.06,255.48
Mysuru,2018,,,,,,,,,,,,,,,,,,,,,0.0,,,,47,1043.06,255.48
Mysuru,2019,22.685859872611463,47.16916666666667,,12.287707006369427,16.73386075949367,16.672611464968153,5.146751592356687,0.5787898089171974,24.973949044585986,1.9866346153846155,6.733942307692308,0.5629807692307692,,0.46740000000000004,1.6501,23.492292993630574,79.35675159235669,0.7180891719745223,171.4067515923567,0.03139240506329114,1.0049315068493152,227.39745222929938,872.9171337579618,,73,1043.06,255.48
Mysuru,2020,16.707048192771083,34.88939759036145,,16.096867469879516,19.057951807228914,17.30737951807229,3.945860927152318,0.3837048192771084,34.71933734939759,1.6788648648648647,3.1115675675675676,0.09714285714285714,,0.593,0.32346153846153847,27.313457446808513,70.78006024096385,0.8187613293051359,91.5741087613293,0.000425531914893617,0.03398907103825136,238.53753012048196,827.0685240963855,,140,1043.06,255.48
Mysuru,2021,20.277084548104956,49.926997084548105,,20.48145772594752,25.11396501457726,18.0867638483965,4.480845481049563,0.4429446064139942,34.196783625730994,2.258621700879765,4.060205278592376,0.17350000000000002,,0.2325,0.13899999999999998,23.7105,71.2957725947522,0.7306122448979592,174.83170658682636,,0.0,421.74355685131195,846.4165889212828,,408,1043.06,255.48
Mysuru,2022,20.093561643835617,48.07797260273972,,14.378356164383563,17.548191780821917,12.518246575342465,3.874849315068493,0.4173972602739726,32.86553424657534,0.745945205479452,1.4442191780821918,,,,,,72.52082191780822,0.470027397260274,165.73520547945205,,0.0,203.47586301369864,866.0185479452056,,893,1043.06,255.48
Mysuru,2023,21.499312977159963,51.03786563112799,,17.32055664516101,21.015804039451492,11.377335175457949,3.9787953274631236,0.44688074047628895,37.042180838615856,0.17681596482582476,0.23819282728593758,,,,,,67.37664557059973,0.5054834174165476,175.4046242732704,,0.0,157.93633804257445,822.5811231619928,,1555,1043.06,255.48
Mysuru,2024,19.38311475409836,46.84890710382514,4.15736,18.663524590163934,22.77737704918033,11.867158469945355,2.274726775956284,0.38852459016393437,31.18355191256831,0.24319672131147543,0.37040983606557376,,,0.14687999999999998,0.22296000000000002,25.99296,72.64243169398907,0.3955464480874317,146.22516393442623,,0.0,112.06185792349727,825.2128415300547,,2086,1043.06,255.48
Mysuru,2025,18.0803125,49.17752840909091,3.832414772727273,16.5346875,20.343693181818182,19.050198863636364,7.170113636363637,0.36696022727272726,29.43775568181818,0.20116477272727273,0.4466193181818182,,,0.13210227272727273,0.20417613636363638,27.70784090909091,74.95017045454546,0.4019034090909091,177.1887784090909,,0.0,128.80657142857143,825.3309375,,2314,1043.06,255.48
Nashik,2017,63.096064516129026,89.82670967741934,8.628376623376623,53.78070967741936,32.85222222222222,35.82509433962264,7.708961038961039,1.1532748538011697,71.84286585365854,5.275555555555556,32.018070175438595,,,7.052597402597402,11.298181818181819,,,2.1708247422680413,175.30824175824176,,,228.68076023391814,,,33,1112.12,207.13
Nashik,2018,38.73671270718232,75.06042253521127,3.9129752066115704,22.697493112947658,14.998705234159779,13.834970760233919,5.549447513812155,0.6230578512396694,64.06751381215469,3.464848484848485,19.049752066115705,,,6.099228650137741,4.069860724233983,,,2.710275482093664,219.44906336088152,,,388.1703038674033,,,449,1112.12,207.13
Nashik,2019,36.78888571428572,67.85974504249292,3.8834493670886077,18.871372549019608,13.843607594936708,18.569440789473685,4.325197740112994,0.7070621468926555,47.72846153846154,2.642112676056338,15.353098591549298,,,1.8744886363636366,7.255971830985915,,,2.610702247191011,219.0511797752809,,,455.87797909407664,,,762,1112.12,207.13
Nashik,2020,32.29961432506887,57.11650137741047,3.714238227146814,22.520360110803324,15.097651933701659,11.582292263610315,2.586574585635359,0.5295316804407714,43.12381215469613,2.4063323782234955,9.163753581661892,,,3.199083094555874,4.33446875,,,2.435482093663912,211.5868044077135,,,84.49534435261708,,,1043,1112.12,207.13
Nashik,2021,40.01829608938547,64.32546218487394,4.813202247191011,28.09488764044944,18.297724719101122,12.17558988764045,2.744705882352941,0.4107262569832402,36.25997175141243,2.0237430167597767,4.00963687150838,,,1.5192737430167598,1.2322418879056047,,,2.3589944134078213,208.2708659217877,,,228.875,,,2966,1112.12,207.13
Nashik,2022,35.87157303370787,71.44548746518106,5.951554252199413,18.819354838709675,14.71008797653959,7.458012232415902,4.387403314917127,0.6739058171745153,38.58862258953168,1.1569889502762432,5.821767955801105,,,0.8255801104972376,2.9311049723756906,,,2.4191618497109824,210.9706069364162,,,381.5115789473684,,,9283,1112.12,207.13
Nashik,2023,37.69510405286613,72.95880615705696,1.0286999368114094,7.739266488664749,5.886416668449191,5.636800485736585,3.415215223686865,0.5794301317606768,28.807331272532853,3.0531348248768126,15.187553263321972,,,5.461390933253523,11.768773039970508,,,3.013196791189643,209.14573387596533,,,339.9341829259165,,,18283,1112.12,207.13
Nashik,2024,43.268121546961325,77.9071546961326,4.98198347107438,10.515564738292012,7.345564738292011,8.11939393939394,5.38633608815427,0.76267217630854,29.111349862258955,3.555840220385675,31.76988980716253,,,4.140468319559229,10.92,,,2.0104683195592283,210.16071625344352,,,327.7396952908587,,,23341,1112.12,207.13
Nashik,2025,37.91282967032967,78.93318681318681,5.68628808864266,11.887867036011082,11.967063711911356,15.186952908587257,6.1589835164835165,0.4690934065934066,29.713791208791207,1.9971428571428573,16.002032967032967,,,2.1103055555555557,2.86260989010989,,,1.8616758241758242,206.96326923076924,,,311.1589226519337,,,24856,1112.12,207.13
Panipat,2017,,,,,,,,,,,,,,,,,,,,,0.0,,,,0,15.97,129.63
Panipat,2018,,,,,,,,,,,,,,,,,,,,,0.0,,,,45,15.97,129.63
Panipat,2019,74.24584269662921,186.32240112994353,54.04893258426967,39.41879551820728,62.44244382022472,55.2649299719888,20.145830985915495,0.6632022471910112,36.69107042253521,4.230847457627119,10.78335294117647,1.5481638418079096,,1.8899152542372881,2.772994350282486,13.34,67.10517543859649,0.7645505617977528,198.4572191011236,0.014972067039106146,1.355917808219178,189.34446022727272,,,56,15.97,129.63
Panipat,2020,63.35575342465753,205.63449315068493,69.73194520547945,50.78084931506849,81.33331506849315,31.787835616438354,22.302164383561642,0.5792054794520548,32.43569863013699,4.997727272727273,7.742914110429448,1.7743865030674844,,1.7811042944785276,3.2077811550151973,,70.94022535211268,0.6244505494505495,198.2957967032967,0.014289693593314763,1.2865300546448089,251.7177900552486,,,111,15.97,129.63
Panipat,2021,61.19180981595092,198.11693251533742,17.482576687116563,14.390613496932517,25.59478527607362,9.537314814814815,38.79860248447205,0.9216307692307691,32.75788343558282,7.838354430379747,11.093470031545742,3.3041390728476823,,2.4592088607594937,6.101009463722398,,62.51625,0.6344171779141105,186.8693865030675,0.011134969325153374,0.9397260273972603,148.08095092024539,,,674,15.97,129.63
Panipat,2022,50.14301003344482,168.80167224080267,8.09886287625418,19.022943143812707,26.77026755852843,9.673411371237458,22.372714776632304,0.720503355704698,33.48177257525084,7.29212543554007,16.426047297297295,3.818144329896907,,3.229493243243243,4.596418918918919,,60.16108949416342,1.323014705882353,196.2197794117647,0.004327868852459017,0.30904109589041096,137.85554098360657,,,1499,15.97,129.63
Panipat,2023,42.358761913783205,133.07518607825037,4.115789145644388,23.662420088697417,27.515375510166248,10.555384248231286,10.616533756559255,0.6231935607009701,31.934307950540553,2.6142564891598106,16.451344533564274,2.0599798387802983,,3.4547965861232934,3.116458622153666,,61.315895618985635,2.0731894312719144,180.6327126287027,0.00904888291168701,0.008407534246575334,122.60372747945125,,,2068,15.97,129.63
Panipat,2024,63.843264094955494,107.85516320474778,8.407810650887575,24.87943620178042,17.15905044510386,10.036676557863501,13.24673590504451,0.5849258160237388,30.37792284866469,2.1890207715133534,24.827477744807123,1.816498516320475,,1.967952522255193,2.0024035608308606,,57.38854430379747,4.9904065040650405,188.99569105691057,0.002455621301775148,0.0021311475409836068,105.56433234421365,,,2524,15.97,129.63
Panipat,2025,102.48868131868132,228.58655555555558,31.464239130434784,36.85260869565217,29.309782608695652,9.998157894736842,10.116626506024096,0.6885714285714285,27.499874999999996,2.1978666666666666,25.00171052631579,1.8588157894736843,,1.4709333333333334,1.730263157894737,,61.15293333333334,5.104130434782609,188.07891304347825,0.0,0.0,69.26369565217392,,,2552,15.97,129.63
Pune,2020,74.32904761904763,114.9802380952381,31.878636363636364,67.71977272727273,95.7525,,18.679024390243903,1.6351162790697675,13.39780487804878,10.771818181818182,34.655227272727274,2.6999999999999997,,3.184772727272727,4.111136363636364,,,,,,,,,,3841,1716.95,109.82
Pune,2021,51.8494670846395,83.05395569620254,18.37657060518732,45.9214409221902,53.683141210374636,,45.34514534883721,1.6197681159420292,13.370778097982708,5.650835734870316,,,,,2.1994812680115277,,,,,,,,,,13734,1716.95,109.82
Pune,2022,70.17033519553073,99.47525139664805,22.15938202247191,69.13122222222222,65.40544943820225,,75.53616666666667,2.2879444444444443,15.919166666666666,1.418611111111111,,,,,0.6330555555555556,,,,,,,,,,44237,1716.95,109.82
Pune,2023,65.26252842051392,96.99197038918035,18.3330024454938,167.3516253180278,53.43535371890968,,145.91542648173248,2.7783207497150864,20.43697049932305,4.951032574205714,,,,,1.9399138518751868,,,,,,,,,,79152,1716.95,109.82
Pune,2024,43.924407713498624,80.84471074380166,22.892331460674157,70.26777472527473,52.778904494382026,,46.23540059347181,1.79175,23.810796703296703,3.523505747126437,14.969110169491525,4.095296610169491,,2.5414830508474573,5.494181286549708,,,,,,,,,,93048,1716.95,109.82
Pune,2025,61.958513513513516,118.50877419354839,37.237312925170066,56.26924914675768,63.822491467576796,,10.383027210884354,1.7125161290322581,30.095777777777776,7.496242236024845,14.548819875776399,4.233357142857143,,4.1697507788162,8.187383177570094,,,,,,,,,,97352,1716.95,109.82
Rajkot,2017,,,,,,,,,,,,,,,,,,,,,0.0,,,,7,60.07,357.07
Sagar,2017,,,,,,,,,,,,,,,,,,,,,0.0,,,,6,2713.63,175.26
Sagar,2018,,,,,,,,,,,,,,,,,,,,,0.0,,,,7,2713.63,175.26
Sagar,2019,,,,,,,,,,,,,,,,,,,,,0.0,,,,15,2713.63,175.26
Sagar,2020,,,,,,,,,,,,,,,,,,,,,0.0,,,,22,2713.63,175.26
Sagar,2021,,,,,,,,,,,,,,,,,,,,,0.0,,,,181,2713.63,175.26
Sagar,2022,62.781230769230774,111.98166666666667,2.590151515151515,19.255757575757574,12.348484848484848,10.838636363636365,6.251363636363637,0.8815151515151515,98.20439393939394,1.0718181818181818,107.07060606060605,0.7139393939393939,,1.0021212121212122,1.9474242424242425,22.813484848484848,35.21636363636364,0.5557575757575758,118.80969696969696,0.019393939393939394,0.336986301369863,103.30363636363636,,,1070,2713.63,175.26
Sagar,2023,36.21191233034561,75.55208105016683,1.9935509862434813,11.102243322332185,7.311093713647888,11.129383789280277,4.145591769537968,0.7837631123346744,58.39115449210988,0.4046905688737442,24.380207337259517,0.2780016341978811,,0.3830562942326188,0.8528869912563342,25.043483522346413,49.091202990385014,0.66317484899421,166.71276616351412,0.020111120604541646,0.018467465753424648,77.09480431498598,,,3039,2713.63,175.26
Sagar,2024,43.46751366120219,90.50475409836065,1.647513661202186,12.349262295081967,7.788415300546448,20.144219178082192,4.96672131147541,0.6269672131147541,62.27169398907103,0.19011267605633803,3.098788732394366,0.14374647887323944,,0.26370262390670557,0.36505714285714286,25.184590163934423,48.28205479452055,0.5468579234972678,153.10901639344263,0.011612021857923498,0.010765027322404372,42.87912568306011,,,4686,2713.63,175.26
Sagar,2025,41.218815426997246,76.62143250688706,1.2796132596685084,12.85549723756906,8.08696132596685,7.780745856353591,8.226356164383562,0.6560547945205479,39.81090410958904,0.23934472934472936,0.5697175141242938,0.19895480225988701,,0.43167832167832165,0.20092485549132946,23.74041095890411,53.88999999999999,0.5144505494505495,155.53483516483516,0.019808219178082193,1.6904109589041096,36.09452054794521,,,5120,2713.63,175.26
Salem,2017,,,,,,,,,,,,,,,,,,,,,0.0,,,,0,1490.52,288.81
Salem,2018,,,,,,,,,,,,,,,,,,,,,0.0,,,,6,1490.52,288.81
Salem,2019,,,,,,,,,,,,,,,,,,,,,0.0,,,,28,1490.52,288.81
Salem,2020,,,,,,,,,,,,,,,,,,,,,0.0,,,,55,1490.52,288.81
Salem,2021,,,,,,,,,,,,,,,,,,,,,0.0,,,,226,1490.52,288.81
Salem,2022,28.842641509433964,50.54196261682243,4.800093457943925,4.717383177570094,8.470934579439252,7.771028037383178,40.97915887850468,0.5229906542056075,1.1982242990654206,,,,,,,26.454205607476634,74.40046728971963,0.9899065420560748,165.18168224299063,,0.0,160.5126168224299,976.3038317757009,,633,1490.52,288.81
Salem,2023,29.28320621927021,50.554239247541425,3.6121413651612704,4.938131212870068,8.220626891237483,5.632704657277106,53.08303795176495,0.6366275078169322,2.213009810619351,,,,,,,28.6026395772407,58.697097564668205,1.2279385647467247,169.49313590925038,,0.0,183.5559102501421,976.390059350069,,1243,1490.52,288.81
Salem,2024,28.173274336283185,56.144039408866995,5.129638989169675,7.914584837545127,12.680938628158845,6.1118772563176895,34.79127272727273,0.7769675090252708,7.81274368231047,,,,,,,29.171413043478264,52.2082962962963,1.2857246376811595,178.91583333333332,,0.0,3.021304347826087,975.4660507246377,,1640,1490.52,288.81
Salem,2025,30.542298507462686,55.585296610169486,4.666777777777778,8.943213213213214,12.902444444444445,11.535641025641025,34.721666666666664,0.47582608695652173,15.241777777777777,,,,,,,28.311281337047355,53.12903133903134,1.2142061281337047,180.37601671309193,,0.0,0.7969359331476323,975.5958217270196,,1764,1490.52,288.81
Shillong,2017,,,,,,,,,,,,,,,,,,,,,0.0,,,,0,1754.5,193.37
Shillong,2018,,,,,,,,,,,,,,,,,,,,,0.0,,,,2,1754.5,193.37
Shillong,2019,,,,,,,,,,,,,,,,,,,,,0.0,,,,3,1754.5,193.37
Shillong,2020,,,,,,,,,,,,,,,,,,,,,0.0,,,,3,1754.5,193.37
Shillong,2021,,,,,,,,,,,,,,,,,,,,,0.0,,,,13,1754.5,193.37
Shillong,2022,19.59282894736842,40.2387417218543,14.368830409356725,14.645087719298246,32.893872832369944,2.8838011695906434,8.246744186046511,0.5467630057803469,8.049473684210527,1.075508474576271,,,,20.273636363636363,15.361467889908258,20.434941860465116,84.09226744186047,0.6694186046511628,197.40191860465114,0.15040462427745666,6.366657534246575,65.10982658959537,854.0211627906978,,59,1754.5,193.37
Shillong,2023,31.101842071269864,61.75452580417887,12.48360161586346,14.307568158066106,31.14023170130448,7.953099474959275,18.356991131853786,0.6215830629962235,9.828377110772852,0.0,,,,,,18.951933499537873,82.54093409296591,0.5500346002853627,176.13041524367665,0.09295328600390218,0.03476797945205479,67.35197785892049,856.557041987398,,255,1754.5,193.37
Shillong,2024,48.97153846153846,47.30984126984127,18.306031746031746,21.80825396825397,44.633206106870226,20.080357142857142,22.772058823529413,0.44106870229007633,16.634615384615383,0.0,,,,,,11.382941176470588,77.63382352941177,0.505,186.4505882352941,0.0033587786259541984,0.0011475409836065574,11.892366412213741,857.844705882353,,487,1754.5,193.37
Shillong,2025,48.47779874213837,36.66520408163265,20.39005376344086,15.950268817204302,44.55935483870967,45.23666666666667,10.45483870967742,0.7491397849462366,4.6985,0.0,,,,,,21.1175,61.89875,0.57625,193.09875,0.0012365591397849461,0.062493150684931505,0.0,858.0225,,596,1754.5,193.37
Surat,2017,,,,,,,,,,,,,,,,,,,,,0.0,,,,11,495.86,509.47
Surat,2018,,,,,,,,,,,,,,,,,,,,,0.0,,,,108,495.86,509.47
Surat,2019,,,,,,,,,,,,,,,,,,,,,0.0,,,,256,495.86,509.47
Surat,2020,,,,,,,,,,,,,,,,,,,,,0.0,,,,544,495.86,509.47
Surat,2021,,,,,,,,,,,,,,,,,,,,,0.0,,,,6959,495.86,509.47
Surat,2022,110.60237288135593,161.93576271186438,1.748813559322034,8.661864406779662,5.9759322033898306,,5.335593220338983,1.116949152542373,,,,,,,,26.59915254237288,55.903898305084745,1.4322033898305084,132.62593220338982,0.01677966101694915,0.2509041095890411,104.41237288135594,1011.589152542373,,31726,495.86,509.47
Surat,2023,57.424064530572956,133.42647905881725,4.079274270577871,8.441123349167542,9.694607089101263,,3.411206462287113,1.083388354132528,,,,,,,,28.737943259094806,65.69794264273432,1.4922814336502175,176.2710016750131,0.3531053494178724,0.29877996575342464,98.84447175294103,1008.6097891882891,,52867,495.86,509.47
Surat,2024,33.57535410764873,79.56373219373219,22.54593837535014,29.749436619718306,18.085785123966943,,14.388263305322129,1.1379889807162533,,,,,,,,28.986214689265537,69.9654802259887,1.4163276836158192,165.43474576271186,1.8737465564738292,1.693551912568306,80.58936639118457,1006.9904519774011,,58893,495.86,509.47
Surat,2025,30.66735294117647,78.70102409638555,20.443441176470586,12.93635294117647,26.960879765395894,,28.28226470588235,0.846891495601173,,,,,,,,28.775235294117646,68.50626470588236,1.4562941176470587,186.86970588235295,1.2589442815249268,101.4788219178082,84.49378299120235,1006.8221470588236,,60037,495.86,509.47
Visakhapatnam,2017,43.56915662650602,92.4112048192771,2.637259259259259,12.015871559633029,6.225882352941177,3.1373076923076924,22.642030075187968,0.8191390728476821,34.20268292682927,2.8404347826086958,6.715326086956521,1.4379891304347825,,,,24.921437125748504,67.30213414634146,1.575030303030303,209.54858974358976,0.022336956521739133,1.925,107.83065217391304,742.7357364341085,0.053260869565217396,4,272.45,119.81
Visakhapatnam,2018,49.99299418604651,116.5771965317919,12.799450867052022,39.34514534883721,30.967745664739883,11.912514450867054,11.084563953488372,0.7140289855072464,38.822434782608696,4.811123919308358,11.23729106628242,3.2328818443804033,,,,28.347463976945246,70.69417867435159,2.2412968299711817,234.30371757925073,0.018213256484149856,1.3945205479452054,143.21694524495678,745.8774202898551,0.027089337175792507,208,272.45,119.81
Visakhapatnam,2019,47.234375,115.36328488372094,14.215508474576271,37.98748587570621,31.71387005649717,10.052314285714285,12.974604519774012,0.8584180790960452,33.34994350282486,4.132796610169492,9.12319209039548,2.518107344632768,,,,27.143607954545452,72.91849431818183,2.4102272727272727,193.52985795454543,0.023079096045197738,1.8876712328767122,131.96423295454545,744.6278827361564,0.03090909090909091,276,272.45,119.81
Visakhapatnam,2020,39.99336134453781,95.54,13.591298342541437,30.833618784530387,27.146657458563535,8.437520891364903,9.154171270718232,0.6266850828729282,33.92248618784531,2.7255211267605635,6.916591549295775,1.7042535211267604,,,,26.3585635359116,73.58337016574586,2.0311325966850826,184.25588397790057,0.029834254143646412,1.969945355191257,129.02831491712706,747.0223661971831,0.002375690607734807,475,272.45,119.81
Visakhapatnam,2021,43.34196132596685,106.79781767955801,15.156353591160222,37.75825966850829,32.42425414364641,23.720165745856356,12.922734806629833,0.6870441988950277,20.083674033149173,3.1902216066481994,11.899861495844876,4.447867036011081,,,,28.390833333333337,74.18303867403314,1.92792817679558,199.48420420420422,0.02814917127071823,2.3953424657534246,125.42074585635359,747.1172928176796,-0.00287292817679558,2180,272.45,119.81
Visakhapatnam,2022,45.225068870523415,112.89850828729283,18.722142857142856,35.417355371900825,33.88255494505494,16.033104395604397,15.869478021978022,0.5005769230769231,19.14939393939394,2.1854945054945056,10.730576923076923,2.283131868131868,,,,28.723956043956044,74.67714285714285,1.1787912087912087,227.09351648351645,0.022582417582417583,1.978082191780822,119.91258241758241,746.2292032967033,0.004835164835164835,6047,272.45,119.81
Visakhapatnam,2023,53.20082392988364,136.0735492567167,24.706785447157344,35.65759932013069,38.99603925849129,17.70125033448096,10.782533974969628,0.7489384432857262,18.661113862836096,2.2746008782609337,9.58352547375166,0.980019072509717,,,,29.422340292224938,73.36343610265138,1.9914973213867708,231.4994187383319,0.02536825499277943,0.019877283105022826,114.9674223521388,746.8160185664834,0.02201237138712071,10912,272.45,119.81
Visakhapatnam,2024,45.604590163934425,108.51549180327868,17.202704918032786,35.37237704918033,32.6046174863388,14.867377049180329,8.602103825136611,0.5697540983606557,17.150575342465753,1.6744931506849317,5.227260273972603,0.8432054794520547,,,,28.98002732240437,67.35199453551913,1.7742896174863387,227.22724043715846,0.01620218579234973,0.014125683060109289,96.4,747.3867213114753,0.0,14728,272.45,119.81
Visakhapatnam,2025,51.681538461538466,126.69431318681319,13.415274725274726,44.71728021978022,33.61208791208791,12.347472527472526,10.413516483516483,0.5828571428571429,27.315192307692307,1.2414560439560438,3.598736263736264,0.8314010989010989,,,,27.783956043956046,61.959560439560434,0.9780494505494505,232.8510714285714,0.03733516483516484,2.0191780821917806,90.08258241758242,746.1042582417583,-0.33446945337620576,15814,272.45,119.81
